{
  "ExpressionLimit": {"Type": "First"},
  "CollapseSettings": {
    "CollapseType": "ERA",
    "EraPad": 0
  },
  "CensorWindow": {
    "StartDate": null,
    "EndDate": null
  },
  "ConceptSets": [{
    "expression": {"items": [
      {
        "isExcluded": false,
        "concept": {
          "INVALID_REASON_CAPTION": "Valid",
          "CONCEPT_ID": 760925,
          "STANDARD_CONCEPT": "S",
          "CONCEPT_CODE": "12265501000119101",
          "VOCABULARY_ID": "SNOMED",
          "CONCEPT_NAME": "Bilateral carpal tunnel syndrome",
          "DOMAIN_ID": "Condition",
          "STANDARD_CONCEPT_CAPTION": "Standard",
          "CONCEPT_CLASS_ID": "Clinical Finding",
          "INVALID_REASON": "V"
        },
        "includeMapped": false,
        "includeDescendants": false
      },
      {
        "isExcluded": false,
        "concept": {
          "INVALID_REASON_CAPTION": "Valid",
          "CONCEPT_ID": 45495534,
          "STANDARD_CONCEPT": "N",
          "CONCEPT_CODE": "7056011",
          "VOCABULARY_ID": "Read",
          "CONCEPT_NAME": "Carpal tunnel decompression",
          "DOMAIN_ID": "Procedure",
          "STANDARD_CONCEPT_CAPTION": "Non-Standard",
          "CONCEPT_CLASS_ID": "Read",
          "INVALID_REASON": "V"
        },
        "includeMapped": false,
        "includeDescendants": false
      },
      {
        "isExcluded": false,
        "concept": {
          "INVALID_REASON_CAPTION": "Valid",
          "CONCEPT_ID": 44508054,
          "STANDARD_CONCEPT": "N",
          "CONCEPT_CODE": "A65.1",
          "VOCABULARY_ID": "OPCS4",
          "CONCEPT_NAME": "Carpal tunnel release",
          "DOMAIN_ID": "Procedure",
          "STANDARD_CONCEPT_CAPTION": "Non-Standard",
          "CONCEPT_CLASS_ID": "Procedure",
          "INVALID_REASON": "V"
        },
        "includeMapped": false,
        "includeDescendants": false
      },
      {
        "isExcluded": false,
        "concept": {
          "INVALID_REASON_CAPTION": "Valid",
          "CONCEPT_ID": 45495533,
          "STANDARD_CONCEPT": "N",
          "CONCEPT_CODE": "7056000",
          "VOCABULARY_ID": "Read",
          "CONCEPT_NAME": "Carpal tunnel release",
          "DOMAIN_ID": "Procedure",
          "STANDARD_CONCEPT_CAPTION": "Non-Standard",
          "CONCEPT_CLASS_ID": "Read",
          "INVALID_REASON": "V"
        },
        "includeMapped": false,
        "includeDescendants": false
      },
      {
        "isExcluded": false,
        "concept": {
          "INVALID_REASON_CAPTION": "Invalid",
          "CONCEPT_ID": 38000290,
          "STANDARD_CONCEPT": "N",
          "CONCEPT_CODE": "006",
          "VOCABULARY_ID": "DRG",
          "CONCEPT_NAME": "Carpal Tunnel Release",
          "DOMAIN_ID": "Observation",
          "STANDARD_CONCEPT_CAPTION": "Non-Standard",
          "CONCEPT_CLASS_ID": "DRG",
          "INVALID_REASON": "D"
        },
        "includeMapped": false,
        "includeDescendants": false
      },
      {
        "isExcluded": false,
        "concept": {
          "INVALID_REASON_CAPTION": "Valid",
          "CONCEPT_ID": 380094,
          "STANDARD_CONCEPT": "S",
          "CONCEPT_CODE": "57406009",
          "VOCABULARY_ID": "SNOMED",
          "CONCEPT_NAME": "Carpal tunnel syndrome",
          "DOMAIN_ID": "Condition",
          "STANDARD_CONCEPT_CAPTION": "Standard",
          "CONCEPT_CLASS_ID": "Clinical Finding",
          "INVALID_REASON": "V"
        },
        "includeMapped": false,
        "includeDescendants": false
      },
      {
        "isExcluded": false,
        "concept": {
          "INVALID_REASON_CAPTION": "Valid",
          "CONCEPT_ID": 1568375,
          "STANDARD_CONCEPT": "N",
          "CONCEPT_CODE": "G56.0",
          "VOCABULARY_ID": "ICD10CM",
          "CONCEPT_NAME": "Carpal tunnel syndrome",
          "DOMAIN_ID": "Condition",
          "STANDARD_CONCEPT_CAPTION": "Non-Standard",
          "CONCEPT_CLASS_ID": "4-char nonbill code",
          "INVALID_REASON": "V"
        },
        "includeMapped": false,
        "includeDescendants": false
      },
      {
        "isExcluded": false,
        "concept": {
          "INVALID_REASON_CAPTION": "Invalid",
          "CONCEPT_ID": 40322794,
          "STANDARD_CONCEPT": "N",
          "CONCEPT_CODE": "155073007",
          "VOCABULARY_ID": "SNOMED",
          "CONCEPT_NAME": "Carpal tunnel syndrome",
          "DOMAIN_ID": "Condition",
          "STANDARD_CONCEPT_CAPTION": "Non-Standard",
          "CONCEPT_CLASS_ID": "Clinical Finding",
          "INVALID_REASON": "U"
        },
        "includeMapped": false,
        "includeDescendants": false
      },
      {
        "isExcluded": false,
        "concept": {
          "INVALID_REASON_CAPTION": "Valid",
          "CONCEPT_ID": 44834640,
          "STANDARD_CONCEPT": "N",
          "CONCEPT_CODE": "354.0",
          "VOCABULARY_ID": "ICD9CM",
          "CONCEPT_NAME": "Carpal tunnel syndrome",
          "DOMAIN_ID": "Condition",
          "STANDARD_CONCEPT_CAPTION": "Non-Standard",
          "CONCEPT_CLASS_ID": "4-dig billing code",
          "INVALID_REASON": "V"
        },
        "includeMapped": false,
        "includeDescendants": false
      },
      {
        "isExcluded": false,
        "concept": {
          "INVALID_REASON_CAPTION": "Valid",
          "CONCEPT_ID": 45466763,
          "STANDARD_CONCEPT": "N",
          "CONCEPT_CODE": "F340.00",
          "VOCABULARY_ID": "Read",
          "CONCEPT_NAME": "Carpal tunnel syndrome",
          "DOMAIN_ID": "Condition",
          "STANDARD_CONCEPT_CAPTION": "Non-Standard",
          "CONCEPT_CLASS_ID": "Read",
          "INVALID_REASON": "V"
        },
        "includeMapped": false,
        "includeDescendants": false
      },
      {
        "isExcluded": false,
        "concept": {
          "INVALID_REASON_CAPTION": "Valid",
          "CONCEPT_ID": 45566891,
          "STANDARD_CONCEPT": "N",
          "CONCEPT_CODE": "G56.0",
          "VOCABULARY_ID": "ICD10",
          "CONCEPT_NAME": "Carpal tunnel syndrome",
          "DOMAIN_ID": "Condition",
          "STANDARD_CONCEPT_CAPTION": "Non-Standard",
          "CONCEPT_CLASS_ID": "ICD10 code",
          "INVALID_REASON": "V"
        },
        "includeMapped": false,
        "includeDescendants": false
      },
      {
        "isExcluded": false,
        "concept": {
          "INVALID_REASON_CAPTION": "Valid",
          "CONCEPT_ID": 4344641,
          "STANDARD_CONCEPT": "N",
          "CONCEPT_CODE": "N0000000693",
          "VOCABULARY_ID": "NDFRT",
          "CONCEPT_NAME": "Carpal Tunnel Syndrome",
          "DOMAIN_ID": "Drug",
          "STANDARD_CONCEPT_CAPTION": "Non-Standard",
          "CONCEPT_CLASS_ID": "Ind / CI",
          "INVALID_REASON": "V"
        },
        "includeMapped": false,
        "includeDescendants": false
      },
      {
        "isExcluded": false,
        "concept": {
          "INVALID_REASON_CAPTION": "Valid",
          "CONCEPT_ID": 37200332,
          "STANDARD_CONCEPT": "N",
          "CONCEPT_CODE": "G56.03",
          "VOCABULARY_ID": "ICD10CM",
          "CONCEPT_NAME": "Carpal tunnel syndrome, bilateral upper limbs",
          "DOMAIN_ID": "Condition",
          "STANDARD_CONCEPT_CAPTION": "Non-Standard",
          "CONCEPT_CLASS_ID": "5-char billing code",
          "INVALID_REASON": "V"
        },
        "includeMapped": false,
        "includeDescendants": true
      },
      {
        "isExcluded": false,
        "concept": {
          "INVALID_REASON_CAPTION": "Valid",
          "CONCEPT_ID": 45538124,
          "STANDARD_CONCEPT": "N",
          "CONCEPT_CODE": "G56.02",
          "VOCABULARY_ID": "ICD10CM",
          "CONCEPT_NAME": "Carpal tunnel syndrome, left upper limb",
          "DOMAIN_ID": "Condition",
          "STANDARD_CONCEPT_CAPTION": "Non-Standard",
          "CONCEPT_CLASS_ID": "5-char billing code",
          "INVALID_REASON": "V"
        },
        "includeMapped": false,
        "includeDescendants": true
      },
      {
        "isExcluded": false,
        "concept": {
          "INVALID_REASON_CAPTION": "Valid",
          "CONCEPT_ID": 762150,
          "STANDARD_CONCEPT": "S",
          "CONCEPT_CODE": "293861000119102",
          "VOCABULARY_ID": "SNOMED",
          "CONCEPT_NAME": "Carpal tunnel syndrome of left wrist",
          "DOMAIN_ID": "Condition",
          "STANDARD_CONCEPT_CAPTION": "Standard",
          "CONCEPT_CLASS_ID": "Clinical Finding",
          "INVALID_REASON": "V"
        },
        "includeMapped": false,
        "includeDescendants": false
      },
      {
        "isExcluded": false,
        "concept": {
          "INVALID_REASON_CAPTION": "Valid",
          "CONCEPT_ID": 762151,
          "STANDARD_CONCEPT": "S",
          "CONCEPT_CODE": "293871000119108",
          "VOCABULARY_ID": "SNOMED",
          "CONCEPT_NAME": "Carpal tunnel syndrome of right wrist",
          "DOMAIN_ID": "Condition",
          "STANDARD_CONCEPT_CAPTION": "Standard",
          "CONCEPT_CLASS_ID": "Clinical Finding",
          "INVALID_REASON": "V"
        },
        "includeMapped": false,
        "includeDescendants": true
      },
      {
        "isExcluded": false,
        "concept": {
          "INVALID_REASON_CAPTION": "Valid",
          "CONCEPT_ID": 45576596,
          "STANDARD_CONCEPT": "N",
          "CONCEPT_CODE": "G56.01",
          "VOCABULARY_ID": "ICD10CM",
          "CONCEPT_NAME": "Carpal tunnel syndrome, right upper limb",
          "DOMAIN_ID": "Condition",
          "STANDARD_CONCEPT_CAPTION": "Non-Standard",
          "CONCEPT_CLASS_ID": "5-char billing code",
          "INVALID_REASON": "V"
        },
        "includeMapped": false,
        "includeDescendants": true
      },
      {
        "isExcluded": false,
        "concept": {
          "INVALID_REASON_CAPTION": "Valid",
          "CONCEPT_ID": 45605567,
          "STANDARD_CONCEPT": "N",
          "CONCEPT_CODE": "G56.00",
          "VOCABULARY_ID": "ICD10CM",
          "CONCEPT_NAME": "Carpal tunnel syndrome, unspecified upper limb",
          "DOMAIN_ID": "Condition",
          "STANDARD_CONCEPT_CAPTION": "Non-Standard",
          "CONCEPT_CLASS_ID": "5-char billing code",
          "INVALID_REASON": "V"
        },
        "includeMapped": false,
        "includeDescendants": true
      },
      {
        "isExcluded": false,
        "concept": {
          "INVALID_REASON_CAPTION": "Valid",
          "CONCEPT_ID": 45433321,
          "STANDARD_CONCEPT": "N",
          "CONCEPT_CODE": "F340.12",
          "VOCABULARY_ID": "Read",
          "CONCEPT_NAME": "CTS - Carpal tunnel syndrome",
          "DOMAIN_ID": "Condition",
          "STANDARD_CONCEPT_CAPTION": "Non-Standard",
          "CONCEPT_CLASS_ID": "Read",
          "INVALID_REASON": "V"
        },
        "includeMapped": false,
        "includeDescendants": true
      },
      {
        "isExcluded": false,
        "concept": {
          "INVALID_REASON_CAPTION": "Invalid",
          "CONCEPT_ID": 40391549,
          "STANDARD_CONCEPT": "N",
          "CONCEPT_CODE": "193126005",
          "VOCABULARY_ID": "SNOMED",
          "CONCEPT_NAME": "CTS - Carpal tunnel syndrome",
          "DOMAIN_ID": "Condition",
          "STANDARD_CONCEPT_CAPTION": "Non-Standard",
          "CONCEPT_CLASS_ID": "Clinical Finding",
          "INVALID_REASON": "U"
        },
        "includeMapped": false,
        "includeDescendants": true
      },
      {
        "isExcluded": false,
        "concept": {
          "INVALID_REASON_CAPTION": "Valid",
          "CONCEPT_ID": 45528458,
          "STANDARD_CONCEPT": "N",
          "CONCEPT_CODE": "K0411",
          "VOCABULARY_ID": "OXMIS",
          "CONCEPT_NAME": "DECOMPRESSION CARPAL TUNNEL",
          "DOMAIN_ID": "Procedure",
          "STANDARD_CONCEPT_CAPTION": "Non-Standard",
          "CONCEPT_CLASS_ID": "OXMIS",
          "INVALID_REASON": "V"
        },
        "includeMapped": false,
        "includeDescendants": true
      },
      {
        "isExcluded": false,
        "concept": {
          "INVALID_REASON_CAPTION": "Valid",
          "CONCEPT_ID": 4066890,
          "STANDARD_CONCEPT": "S",
          "CONCEPT_CODE": "171841007",
          "VOCABULARY_ID": "SNOMED",
          "CONCEPT_NAME": "Endoscopic carpal tunnel release",
          "DOMAIN_ID": "Procedure",
          "STANDARD_CONCEPT_CAPTION": "Standard",
          "CONCEPT_CLASS_ID": "Procedure",
          "INVALID_REASON": "V"
        },
        "includeMapped": false,
        "includeDescendants": true
      },
      {
        "isExcluded": false,
        "concept": {
          "INVALID_REASON_CAPTION": "Valid",
          "CONCEPT_ID": 45469061,
          "STANDARD_CONCEPT": "N",
          "CONCEPT_CODE": "7056400",
          "VOCABULARY_ID": "Read",
          "CONCEPT_NAME": "Endoscopic carpal tunnel release",
          "DOMAIN_ID": "Procedure",
          "STANDARD_CONCEPT_CAPTION": "Non-Standard",
          "CONCEPT_CLASS_ID": "Read",
          "INVALID_REASON": "V"
        },
        "includeMapped": false,
        "includeDescendants": true
      },
      {
        "isExcluded": false,
        "concept": {
          "INVALID_REASON_CAPTION": "Valid",
          "CONCEPT_ID": 4204075,
          "STANDARD_CONCEPT": "S",
          "CONCEPT_CODE": "53006003",
          "VOCABULARY_ID": "SNOMED",
          "CONCEPT_NAME": "Exploration of carpal tunnel",
          "DOMAIN_ID": "Procedure",
          "STANDARD_CONCEPT_CAPTION": "Standard",
          "CONCEPT_CLASS_ID": "Procedure",
          "INVALID_REASON": "V"
        },
        "includeMapped": false,
        "includeDescendants": true
      },
      {
        "isExcluded": false,
        "concept": {
          "INVALID_REASON_CAPTION": "Valid",
          "CONCEPT_ID": 4082236,
          "STANDARD_CONCEPT": "S",
          "CONCEPT_CODE": "182641004",
          "VOCABULARY_ID": "SNOMED",
          "CONCEPT_NAME": "Injection of carpal tunnel",
          "DOMAIN_ID": "Procedure",
          "STANDARD_CONCEPT_CAPTION": "Standard",
          "CONCEPT_CLASS_ID": "Procedure",
          "INVALID_REASON": "V"
        },
        "includeMapped": false,
        "includeDescendants": true
      },
      {
        "isExcluded": false,
        "concept": {
          "INVALID_REASON_CAPTION": "Invalid",
          "CONCEPT_ID": 40312098,
          "STANDARD_CONCEPT": "N",
          "CONCEPT_CODE": "150871006",
          "VOCABULARY_ID": "SNOMED",
          "CONCEPT_NAME": "Injection of carpal tunnel",
          "DOMAIN_ID": "Procedure",
          "STANDARD_CONCEPT_CAPTION": "Non-Standard",
          "CONCEPT_CLASS_ID": "Procedure",
          "INVALID_REASON": "U"
        },
        "includeMapped": false,
        "includeDescendants": true
      },
      {
        "isExcluded": false,
        "concept": {
          "INVALID_REASON_CAPTION": "Valid",
          "CONCEPT_ID": 45512703,
          "STANDARD_CONCEPT": "N",
          "CONCEPT_CODE": "85BE.00",
          "VOCABULARY_ID": "Read",
          "CONCEPT_NAME": "Injection of carpal tunnel",
          "DOMAIN_ID": "Procedure",
          "STANDARD_CONCEPT_CAPTION": "Non-Standard",
          "CONCEPT_CLASS_ID": "Read",
          "INVALID_REASON": "V"
        },
        "includeMapped": false,
        "includeDescendants": true
      },
      {
        "isExcluded": false,
        "concept": {
          "INVALID_REASON_CAPTION": "Valid",
          "CONCEPT_ID": 2102894,
          "STANDARD_CONCEPT": "S",
          "CONCEPT_CODE": "20526",
          "VOCABULARY_ID": "CPT4",
          "CONCEPT_NAME": "Injection, therapeutic (eg, local anesthetic, corticosteroid), carpal tunnel",
          "DOMAIN_ID": "Procedure",
          "STANDARD_CONCEPT_CAPTION": "Standard",
          "CONCEPT_CLASS_ID": "CPT4",
          "INVALID_REASON": "V"
        },
        "includeMapped": false,
        "includeDescendants": true
      },
      {
        "isExcluded": false,
        "concept": {
          "INVALID_REASON_CAPTION": "Valid",
          "CONCEPT_ID": 4041195,
          "STANDARD_CONCEPT": "S",
          "CONCEPT_CODE": "16560008",
          "VOCABULARY_ID": "SNOMED",
          "CONCEPT_NAME": "Neurolysis of carpal tunnel",
          "DOMAIN_ID": "Procedure",
          "STANDARD_CONCEPT_CAPTION": "Standard",
          "CONCEPT_CLASS_ID": "Procedure",
          "INVALID_REASON": "V"
        },
        "includeMapped": false,
        "includeDescendants": true
      },
      {
        "isExcluded": false,
        "concept": {
          "INVALID_REASON_CAPTION": "Valid",
          "CONCEPT_ID": 2110823,
          "STANDARD_CONCEPT": "S",
          "CONCEPT_CODE": "64721",
          "VOCABULARY_ID": "CPT4",
          "CONCEPT_NAME": "Neuroplasty and/or transposition; median nerve at carpal tunnel",
          "DOMAIN_ID": "Procedure",
          "STANDARD_CONCEPT_CAPTION": "Standard",
          "CONCEPT_CLASS_ID": "CPT4",
          "INVALID_REASON": "V"
        },
        "includeMapped": false,
        "includeDescendants": true
      },
      {
        "isExcluded": false,
        "concept": {
          "INVALID_REASON_CAPTION": "Valid",
          "CONCEPT_ID": 4235010,
          "STANDARD_CONCEPT": "S",
          "CONCEPT_CODE": "359901001",
          "VOCABULARY_ID": "SNOMED",
          "CONCEPT_NAME": "Neuroplasty and transposition of median nerve at carpal tunnel",
          "DOMAIN_ID": "Procedure",
          "STANDARD_CONCEPT_CAPTION": "Standard",
          "CONCEPT_CLASS_ID": "Procedure",
          "INVALID_REASON": "V"
        },
        "includeMapped": false,
        "includeDescendants": true
      },
      {
        "isExcluded": false,
        "concept": {
          "INVALID_REASON_CAPTION": "Valid",
          "CONCEPT_ID": 4014640,
          "STANDARD_CONCEPT": "S",
          "CONCEPT_CODE": "10431008",
          "VOCABULARY_ID": "SNOMED",
          "CONCEPT_NAME": "Neuroplasty of median nerve at carpal tunnel",
          "DOMAIN_ID": "Procedure",
          "STANDARD_CONCEPT_CAPTION": "Standard",
          "CONCEPT_CLASS_ID": "Procedure",
          "INVALID_REASON": "V"
        },
        "includeMapped": false,
        "includeDescendants": true
      },
      {
        "isExcluded": false,
        "concept": {
          "INVALID_REASON_CAPTION": "Valid",
          "CONCEPT_ID": 21498742,
          "STANDARD_CONCEPT": "S",
          "CONCEPT_CODE": "LA25594-5",
          "VOCABULARY_ID": "LOINC",
          "CONCEPT_NAME": "Ortho-Elbow/wrist/hand: Carpal tunnel surgery",
          "DOMAIN_ID": "Meas Value",
          "STANDARD_CONCEPT_CAPTION": "Standard",
          "CONCEPT_CLASS_ID": "Answer",
          "INVALID_REASON": "V"
        },
        "includeMapped": false,
        "includeDescendants": true
      },
      {
        "isExcluded": false,
        "concept": {
          "INVALID_REASON_CAPTION": "Valid",
          "CONCEPT_ID": 2000217,
          "STANDARD_CONCEPT": "N",
          "CONCEPT_CODE": "04.43",
          "VOCABULARY_ID": "ICD9Proc",
          "CONCEPT_NAME": "Release of carpal tunnel",
          "DOMAIN_ID": "Procedure",
          "STANDARD_CONCEPT_CAPTION": "Non-Standard",
          "CONCEPT_CLASS_ID": "4-dig billing code",
          "INVALID_REASON": "V"
        },
        "includeMapped": false,
        "includeDescendants": true
      },
      {
        "isExcluded": false,
        "concept": {
          "INVALID_REASON_CAPTION": "Valid",
          "CONCEPT_ID": 45526976,
          "STANDARD_CONCEPT": "N",
          "CONCEPT_CODE": "357 C",
          "VOCABULARY_ID": "OXMIS",
          "CONCEPT_NAME": "SYNDROME CARPAL TUNNEL",
          "DOMAIN_ID": "Condition",
          "STANDARD_CONCEPT_CAPTION": "Non-Standard",
          "CONCEPT_CLASS_ID": "OXMIS",
          "INVALID_REASON": "V"
        },
        "includeMapped": false,
        "includeDescendants": true
      },
      {
        "isExcluded": false,
        "concept": {
          "INVALID_REASON_CAPTION": "Invalid",
          "CONCEPT_ID": 40414350,
          "STANDARD_CONCEPT": "N",
          "CONCEPT_CODE": "21667004",
          "VOCABULARY_ID": "SNOMED",
          "CONCEPT_NAME": "Transposition of median nerve at carpal tunnel",
          "DOMAIN_ID": "Procedure",
          "STANDARD_CONCEPT_CAPTION": "Non-Standard",
          "CONCEPT_CLASS_ID": "Procedure",
          "INVALID_REASON": "U"
        },
        "includeMapped": false,
        "includeDescendants": true
      },
      {
        "isExcluded": false,
        "concept": {
          "INVALID_REASON_CAPTION": "Valid",
          "CONCEPT_ID": 4234291,
          "STANDARD_CONCEPT": "S",
          "CONCEPT_CODE": "359904009",
          "VOCABULARY_ID": "SNOMED",
          "CONCEPT_NAME": "Transposition of median nerve at carpal tunnel",
          "DOMAIN_ID": "Procedure",
          "STANDARD_CONCEPT_CAPTION": "Standard",
          "CONCEPT_CLASS_ID": "Procedure",
          "INVALID_REASON": "V"
        },
        "includeMapped": false,
        "includeDescendants": true
      },
      {
        "isExcluded": false,
        "concept": {
          "INVALID_REASON_CAPTION": "Valid",
          "CONCEPT_ID": 21494055,
          "STANDARD_CONCEPT": "S",
          "CONCEPT_CODE": "80880-8",
          "VOCABULARY_ID": "LOINC",
          "CONCEPT_NAME": "US Guidance for injection of Carpal tunnel",
          "DOMAIN_ID": "Measurement",
          "STANDARD_CONCEPT_CAPTION": "Standard",
          "CONCEPT_CLASS_ID": "Clinical Observation",
          "INVALID_REASON": "V"
        },
        "includeMapped": false,
        "includeDescendants": true
      }
    ]},
    "name": "[MSK-AI] CTS",
    "id": 0
  }],
  "cdmVersionRange": ">=5.0.0",
  "CensoringCriteria": [{"Death": {
    "CorrelatedCriteria": null,
    "CodesetId": null,
    "DeathSourceConcept": null,
    "DeathTypeExclude": false,
    "DeathType": null,
    "OccurrenceStartDate": null,
    "Gender": null,
    "Age": null
  }}],
  "AdditionalCriteria": {
    "CriteriaList": [],
    "Type": "ALL",
    "DemographicCriteriaList": [{
      "Ethnicity": null,
      "OccurrenceEndDate": null,
      "Race": null,
      "Gender": null,
      "OccurrenceStartDate": null,
      "Age": {
        "Op": "gte",
        "Extent": null,
        "Value": 55
      }
    }],
    "Groups": [],
    "Count": null
  },
  "QualifiedLimit": {"Type": "First"},
  "InclusionRules": [{
    "expression": {
      "CriteriaList": [{
        "RestrictVisit": false,
        "StartWindow": {
          "UseEventEnd": false,
          "Start": {
            "Days": 0,
            "Coeff": -1
          },
          "End": {
            "Days": null,
            "Coeff": 1
          },
          "UseIndexEnd": false
        },
        "IgnoreObservationPeriod": false,
        "EndWindow": null,
        "Criteria": {"ConditionOccurrence": {
          "OccurrenceEndDate": null,
          "CorrelatedCriteria": null,
          "ConditionTypeExclude": false,
          "CodesetId": 0,
          "ProviderSpecialty": null,
          "Gender": null,
          "VisitType": null,
          "First": true,
          "OccurrenceStartDate": null,
          "ConditionType": null,
          "ConditionSourceConcept": null,
          "StopReason": null,
          "Age": null
        }},
        "Occurrence": {
          "Type": 2,
          "IsDistinct": false,
          "Count": 1
        }
      }],
      "Type": "ALL",
      "DemographicCriteriaList": [],
      "Groups": [],
      "Count": null
    },
    "name": "CTS",
    "description": "first episode of CTS"
  }],
  "PrimaryCriteria": {
    "CriteriaList": [],
    "PrimaryCriteriaLimit": {"Type": "First"},
    "ObservationWindow": {
      "PostDays": 0,
      "PriorDays": 548
    }
  }
}